Dinucleotide,Count,Percent,Dinuc / Median Ratio
GG,145,13.475836431226766,2.710280373831776
AG,132,12.267657992565056,2.467289719626168
GA,108,10.037174721189592,2.0186915887850465
GC,88,8.178438661710038,1.644859813084112
CA,86,7.992565055762082,1.6074766355140186
CG,75,6.970260223048327,1.4018691588785046
TG,61,5.669144981412639,1.1401869158878504
AA,54,5.018587360594796,1.0093457943925233
CT,53,4.925650557620818,0.9906542056074766
CC,45,4.182156133828996,0.8411214953271028
AC,42,3.903345724907063,0.7850467289719626
TC,42,3.903345724907063,0.7850467289719626
AT,41,3.8104089219330857,0.7663551401869159
TT,39,3.62453531598513,0.7289719626168224
GT,36,3.345724907063197,0.6728971962616822
TA,29,2.6951672862453533,0.5420560747663551
