Trinucleotide,Count,Percent,Trinuc / Median Ratio
GAG,51,5.414012738853503,4.636363636363637
CAG,43,4.564755838641189,3.909090909090909
AGG,42,4.45859872611465,3.8181818181818183
GGA,36,3.821656050955414,3.272727272727273
GCG,35,3.715498938428875,3.1818181818181817
AGA,34,3.6093418259023355,3.090909090909091
TGG,33,3.5031847133757963,3.0
CGG,32,3.397027600849257,2.909090909090909
AGC,32,3.397027600849257,2.909090909090909
GGG,32,3.397027600849257,2.909090909090909
GGC,26,2.760084925690021,2.3636363636363638
CTG,25,2.653927813163482,2.272727272727273
GCT,19,2.0169851380042463,1.7272727272727273
GCA,17,1.8046709129511678,1.5454545454545454
CCG,17,1.8046709129511678,1.5454545454545454
AAG,17,1.8046709129511678,1.5454545454545454
ACA,16,1.6985138004246285,1.4545454545454546
CGC,16,1.6985138004246285,1.4545454545454546
CGA,15,1.5923566878980893,1.3636363636363635
GCC,15,1.5923566878980893,1.3636363636363635
AGT,14,1.4861995753715498,1.2727272727272727
ATG,13,1.3800424628450105,1.1818181818181819
CAA,13,1.3800424628450105,1.1818181818181819
AAT,13,1.3800424628450105,1.1818181818181819
CAC,13,1.3800424628450105,1.1818181818181819
AAA,13,1.3800424628450105,1.1818181818181819
GAT,12,1.2738853503184713,1.0909090909090908
GAA,12,1.2738853503184713,1.0909090909090908
TTT,12,1.2738853503184713,1.0909090909090908
CAT,12,1.2738853503184713,1.0909090909090908
GTG,11,1.167728237791932,1.0
TCT,11,1.167728237791932,1.0
TCA,11,1.167728237791932,1.0
GGT,11,1.167728237791932,1.0
GAC,10,1.0615711252653928,0.9090909090909091
ACG,10,1.0615711252653928,0.9090909090909091
TCG,10,1.0615711252653928,0.9090909090909091
TTG,10,1.0615711252653928,0.9090909090909091
ATC,10,1.0615711252653928,0.9090909090909091
CCC,10,1.0615711252653928,0.9090909090909091
TAG,9,0.9554140127388535,0.8181818181818182
CTC,9,0.9554140127388535,0.8181818181818182
ACT,9,0.9554140127388535,0.8181818181818182
ATT,8,0.8492569002123143,0.7272727272727273
TTA,8,0.8492569002123143,0.7272727272727273
CCA,8,0.8492569002123143,0.7272727272727273
TGA,8,0.8492569002123143,0.7272727272727273
GTC,8,0.8492569002123143,0.7272727272727273
TGT,7,0.7430997876857749,0.6363636363636364
TTC,7,0.7430997876857749,0.6363636363636364
CCT,7,0.7430997876857749,0.6363636363636364
TGC,7,0.7430997876857749,0.6363636363636364
TAA,7,0.7430997876857749,0.6363636363636364
TCC,7,0.7430997876857749,0.6363636363636364
GTT,7,0.7430997876857749,0.6363636363636364
AAC,6,0.6369426751592356,0.5454545454545454
TAC,6,0.6369426751592356,0.5454545454545454
CTT,6,0.6369426751592356,0.5454545454545454
GTA,5,0.5307855626326964,0.45454545454545453
ACC,5,0.5307855626326964,0.45454545454545453
ATA,5,0.5307855626326964,0.45454545454545453
CTA,4,0.42462845010615713,0.36363636363636365
CGT,3,0.3184713375796178,0.2727272727272727
TAT,2,0.21231422505307856,0.18181818181818182
